country_name,population_mln,area_sqkm
Denmark,5.973135999999999,43094
Finland,5.626414,338145
Iceland,0.36403599999999997,103000
Sweden,10.589834999999999,450295
Norway,5.509733,323802
